1,Ericha,McTurlough
2,Marji,Pulham
3,Orsa,Everingham
4,Yule,Manicomb
5,Jorie,Bellenie
6,Shaun,Bode
7,Kristin,Boeter
8,Falito,Rennles
9,Hermione,Elintune
10,Donavon,Flagg
11,Giralda,Jancar
12,Rosette,Juares
13,Arlena,Coolican
14,Fax,O'Dee
15,Boris,Woehler
16,Lisetta,de Werk
17,Itch,Hugues
18,Arley,Tregoning
19,Ali,Ciabatteri
20,Glyn,Dumblton
21,Nerta,Ling
22,Gloria,Whitcher
23,Lambert,Lorans
24,Ole,Remnant
25,Inger,Oakshott
26,Carey,Amaya
27,Althea,Coniam
28,Julian,Scholz
29,Dominic,Sarson
30,Frankie,Bramstom
31,Marjie,Challenor
32,Averell,Brassill
33,Arabella,Mcimmie
34,Elenore,Espino
35,Zuzana,Vivian
36,Blondelle,Weldon
37,Gavrielle,Lecointe
38,Alon,MacVagh
39,Hazel,Tuff
40,Dana,Jaxon
41,Munroe,Borborough
42,Seumas,Novello
43,Janine,Cuesta
44,Shirlene,Rentilll
45,Sherry,Nizet
46,Isak,Ipsgrave
47,Ruthie,Bamford
48,Laurence,Merali
49,Marja,McChesney
50,Norma,Pawlett
51,Sig,Delacroix
52,Casper,Airdrie
53,Beryl,Mustchin
54,Jolie,Halston
55,Gwynne,Eccles
56,Drake,Josefowicz
57,Neda,Hamlen
58,Tobin,Canby
59,Karney,Rickardsson
60,Benedick,Daldry
61,Chet,Dalman
62,Marcelline,Kinforth
63,Nicolea,Cammish
64,Sigismondo,Sertin
65,Broderic,Fouracres
66,Abbi,Pentony
67,Easter,Cadell
68,Madeleine,Evason
69,Delilah,Lamburne
70,Silva,Sole
71,Jessamine,Frowde
72,Margalo,Bridgwater
73,Dame,Fuente
74,Iolanthe,Doniso
75,Morgan,Strathearn
76,Ferdinande,Tenniswood
77,Ransell,McClaren
78,Freemon,Rimell
79,Sadye,Liversedge
80,Rafaello,Treleaven
81,Gene,Clemo
82,Bertram,Sweating
83,Sandro,Humber
84,Sydelle,Beiderbecke
85,Red,Menichino
86,Terri,Orrice
87,Cookie,Murkitt
88,Hagen,Halward
89,Viv,Egel
90,Amaleta,Pincked
91,Kent,Soreau
92,Jimmie,Rowbury
93,Starlin,Suttie
94,Roxane,Hatchard
95,Peyton,Brewers
96,Steward,Sancraft
97,Delora,Dumphrey
98,Ann-marie,Corsan
99,Berti,Shuard
100,Gregorius,Blinckhorne
101,Manda,Keneforde
102,Dyanna,McIlvaney
103,Maxie,Nash
104,Sven,Bestwall
105,Jasper,Alabastar
106,Symon,Shefton
107,Candide,Torres
108,Friedrich,Kauscher
109,Alma,Bowkett
110,Edeline,McCoy
111,Giffie,Rundall
112,Tansy,Rizzone
113,Deana,Kender
114,Luce,Schukert
115,Frazer,Peddel
116,Weylin,Friatt
117,Daniele,Ackerley
118,Tamra,Braisted
119,Jeremy,Gwin
120,Stacia,Breffit
121,Lana,Poppy
122,Tabitha,Fevers
123,Sammie,Domoney
124,Isahella,Rheubottom
125,Lucretia,Blue
126,Abbye,Blaver
127,Marietta,MacTrustrie
128,Hardy,Barwack
129,Ethelin,Fulun
130,Vivi,McPhelimey
131,Ainsley,Greenhead
132,Kellyann,Carlile
133,Aida,Chesser
134,Fairleigh,Mashal
135,Agatha,Boniface
136,Saundra,Vannar
137,Trixie,Phillcox
138,Dayna,Jonas
139,Megan,Edgett
140,Edgar,Landall
141,Wileen,Bonde
142,Prent,Gutowski
143,Cher,Jodrellec
144,Oren,Mowett
145,Zared,Kinane
146,Gard,MacPaden
147,Bambie,O'Criane
148,Stevena,Booker
149,Harrietta,Vile
150,Ronnica,Duffree
151,Britney,Shanklin
152,Theo,Geraudy
153,Toby,Bertomieu
154,Jolee,Jurkowski
155,Candie,Cooch
156,Myrah,Adamek
157,Jeramey,Baddow
158,Melinda,Connow
159,Lawry,Bogace
160,Moss,Roake
161,Maggie,Renackowna
162,Claribel,Soames
163,Boycey,Bolduc
164,Kay,Kincey
165,Zenia,Eyres
166,Franciskus,McCarron
167,Oliviero,Coulthard
168,Abbie,Springham
169,Allyn,Moncarr
170,Tan,McGuffog
171,Wallie,Nicholas
172,Lorry,Shoulders
173,Marj,Boshere
174,Dorice,Brotherhood
175,Ashlin,Manske
176,Witty,Barnwell
177,Rich,Oldnall
178,Filide,Loosmore
179,Aldus,O'Dowd
180,Regen,Sambles
181,Nalani,Rowcliffe
182,Valida,Mostyn
183,Beilul,Drage
184,Cris,Gelardi
185,Dulcie,MacAllester
186,Kirstyn,Bradburn
187,Tasia,Madigan
188,Orelee,Zanotti
189,Lonnie,Guppy
190,Noelani,Simmen
191,Frank,Taaffe
192,Tonia,Cringle
193,Kilian,Canape
194,Clevie,Eytel
195,Stepha,McGuckin
196,Fax,Cadwallader
197,Sabra,Debrett
198,Kleon,Ivakin
199,Cletus,Teal
200,Ab,Gatecliffe
201,Rikki,Hatrey
202,Karisa,Dabell
203,Dael,Ferry
204,Rodie,Liddell
205,Zarla,Febvre
206,Pail,Karolczyk
207,Brittaney,McRinn
208,Tammara,Volke
209,Marice,Cattini
210,Hannah,Viles
211,Ellissa,Cowpertwait
212,Karee,Chennells
213,Rancell,Lukesch
214,Burnaby,Obeney
215,Eugen,Clemont
216,Clarie,Blatcher
217,Tiffany,Immer
218,Sharleen,Killigrew
219,Miguelita,Ivantsov
220,Nydia,Riddich
221,Alonzo,Brooksby
222,Carlyle,Rameaux
223,Guthrey,Michallat
224,Heall,Commucci
225,Evania,Moakler
226,Alwin,Scurman
227,Brandi,Cayley
228,Ashton,Balfe
229,Quincy,Godlonton
230,Oates,Mayhou
231,Terrence,Callister
232,Baird,Canavan
233,Olivia,Sirmond
234,Evita,Glassup
235,Ernest,Klesl
236,Ilyse,Eve
237,Flss,Smoughton
238,Gibby,Pedwell
239,Townie,Graddon
240,Cully,Andreazzi
241,Mimi,Colthurst
242,Dasie,Harvett
243,Rogerio,Maddern
244,Moshe,Dureden
245,Viki,Larret
246,Jewel,Seid
247,Gilli,Purkis
248,Manny,Linham
249,Huntley,Ellgood
250,Lottie,MacTrustey
251,Eugen,Blancowe
252,Ezekiel,Hulke
253,Arthur,Tennock
254,Ari,Howsin
255,Paul,Stayt
256,Christophe,Norbury
257,Edouard,Sothern
258,Ryan,Miners
259,Gilberto,Thoms
260,Danila,Kerins
261,Jana,Sydall
262,Dale,Spurge
263,Selig,Panas
264,Frans,Mendoza
265,Darrelle,Bleeze
266,Cully,Hutchcraft
267,Alfy,Roman
268,Kettie,Grindley
269,Vale,Aizikov
270,Torre,Hanning
271,Alene,Hunnam
272,Holt,Gibbeson
273,Carey,Coalbran
274,Lucais,Beldan
275,Simeon,Wellfare
276,Ashlie,Tredinnick
277,Corty,Sturgis
278,Merwin,Ship
279,Shermy,Comber
280,Karine,Paoloni
281,Melodee,Banbury
282,Tessie,Normansell
283,Morly,Hegges
284,Tine,Cresswell
285,Lou,Bisson
286,Lonee,Bellew
287,Danit,Croan
288,Lisbeth,Sibylla
289,Vivianne,Jeffry
290,Umberto,Lince
291,Yulma,Chicchelli
292,Guglielma,Lyfield
293,Shaylah,Dallmann
294,Hubey,Sides
295,Darleen,Loudon
296,Myra,Mathes
297,Burnaby,Denham
298,Sophey,Reymers
299,Nonnah,Mingaye
300,Whitney,Cash
301,Valentine,Arling
302,Tawnya,Gjerde
303,Erena,Nyles
304,Chane,Chessill
305,Bronnie,Tipper
306,Jennine,Towson
307,Pepi,Trevenu
308,Stevie,Trippick
309,Edie,Trussler
310,Bruce,Ferraretto
311,Gabie,Duddan
312,Nealy,Summergill
313,Niko,Davsley
314,Karleen,Fryman
315,Keene,De Freyne
316,Donovan,Regardsoe
317,Polly,Glennon
318,Timmie,Diche
319,Clim,Seville
320,Halli,Ferreira
321,Ginnie,Scarfe
322,Laureen,Pagelsen
323,Martha,Azam
324,Gabbie,Nickoll
325,Baldwin,Goldson
326,Lorry,Davidescu
327,Othelia,Ghent
328,Locke,Hurdwell
329,Kathye,McAless
330,Stinky,Wiggington
331,Austin,Aleksashin
332,Lucian,Wilfinger
333,Briney,Prout
334,Patty,Corstorphine
335,Vicki,d'Escoffier
336,Barbee,Delacroix
337,Jarid,Trever
338,Judie,Frankel
339,Obadiah,Romaint
340,Zea,Dishmon
341,Tobit,Baxstair
342,Caesar,Neave
343,Cara,Danell
344,Hayden,Teasdale
345,Etienne,Maciaszek
346,Morse,Gallehawk
347,Margo,Dahmel
348,Waldo,Humbey
349,Jeanine,Stradling
350,Carlos,Lorenzetti
351,Baron,Olennikov
352,Simone,Botterman
353,Elsy,Screwton
354,Hadley,Bartoszewski
355,Sheri,Robke
356,Kari,Marian
357,Franciskus,Sandercock
358,Arnie,Snook
359,Tristam,Dietz
360,Ermengarde,Wimmers
361,Gaylord,Bishop
362,Hildegarde,Bloschke
363,Xymenes,Combe
364,Paco,Poluzzi
365,Joey,Kinset
366,Charlton,Sweed
367,Mic,Guillem
368,George,Vondruska
369,Frazer,Sarfatti
370,Rafe,Wellsman
371,Anna-diane,Symmons
372,Jonis,Moscone
373,Janetta,Quarmby
374,Christi,Boosey
375,Emerson,Tolomelli
376,Benji,Fruin
377,Paulina,Moulster
378,Niki,Tremmil
379,Noe,Chick
380,Beverley,Kaming
381,Ches,Robert
382,Thatcher,Aberdein
383,Ferguson,Acton
384,Heida,Tayler
385,Aluino,Trorey
386,Charmion,Yele
387,Willa,Morgen
388,Vassili,Beebis
389,Joy,Treasure
390,Hermia,Lucas
391,Penn,Deneve
392,Donnie,Beadon
393,Brockie,Iannini
394,Chicky,Roote
395,Cedric,Grange
396,Margarethe,Candlish
397,Keary,Cotter
398,Reed,Fiddler
399,Dave,Benoey
400,Ulick,Clow
401,Miller,Fryatt
402,Darnell,Duncombe
403,Penelope,Stangroom
404,Alison,Grammer
405,Darsey,Blaydes
406,Elka,Sagg
407,Corrine,MacAlpine
408,Mathew,Rodgier
409,Therese,Kermit
410,Grete,Epple
411,Moyna,Zamorrano
412,Dela,Boles
413,Arney,Clinnick
414,Wallie,Riccardelli
415,Sena,Ramsdell
416,Kizzie,Dencs
417,Krishna,Gruszecki
418,Violette,Jellicorse
419,Vivianne,Glaysher
420,Sidonia,Clelle
421,Lindy,De Antoni
422,Demetrius,Unsworth
423,Kenon,Blaasch
424,Albertina,Andrewartha
425,Dag,Hadye
426,Jaimie,Walaron
427,Eyde,Strugnell
428,Harmon,Batiste
429,Dalis,Orum
430,Malina,Cheng
431,Gus,Hissett
432,Imogene,Sperrett
433,Hirsch,Simanenko
434,Gianni,Sher
435,Bryon,Rockall
436,Pauletta,Renison
437,Davidde,Embery
438,Catrina,Longbottom
439,Vin,Haseldine
440,Hubey,Roulston
441,Hebert,Garford
442,Lief,Baguley
443,Caddric,Dyerson
444,Madel,Ilyas
445,Margareta,Bladon
446,Homere,Ovenden
447,Maurizia,Stalman
448,Jeanie,Cramp
449,Sherrie,Petty
450,Boone,Reasce
451,Alyda,Wickardt
452,Warden,Pherps
453,Willamina,Calderon
454,Siegfried,Tointon
455,Luz,Fillingham
456,Niel,Terzi
457,Juliette,McAllester
458,Lorianna,Boas
459,Horten,Cuddehay
460,Ker,Brierley
461,Osmund,Basterfield
462,Hazel,Colthard
463,Woodrow,Capnor
464,Max,Giddins
465,Elmore,Eberle
466,Fletch,Crumb
467,Eduard,Jaggi
468,Rodrique,Kurt
469,Almeda,Baterip
470,Jude,Oak
471,Pedro,Parken
472,Marji,Orange
473,Idaline,Wavish
474,Marijn,McNeely
475,Roma,Bestiman
476,Karyn,Priddis
477,Juliane,Paroni
478,Farrah,Veryan
479,Evanne,Childerley
480,Hamid,Stopp
481,Adel,Bordis
482,Valerye,Williment
483,Freeland,Petyt
484,Sheridan,Legen
485,Boothe,Drei
486,Delinda,Khristoforov
487,Tudor,Cothey
488,Aurie,Eversfield
489,Dulcie,Smiths
490,Winnah,Taylo
491,Sholom,Nan Carrow
492,Massimiliano,Tremouille
493,Peri,Bickle
494,Selig,McAlister
495,Susanne,Breckon
496,Ag,Brend
497,Nevile,Haverty
498,Cynthea,Sommerville
499,Petronille,Worrell
500,Raquel,Fitzgerald
501,Vincenz,Batram
502,Emmaline,Gillford
503,Guenna,Zoellner
504,Bertrando,Bantham
505,Lewiss,Cashford
506,Othello,Bamb
507,Devondra,Shirrell
508,Sybilla,Rasell
509,Wenonah,Giacovazzo
510,Anthe,Father
511,Even,Seaward
512,Janela,Kentish
513,Josi,Velden
514,Shayla,Stiffkins
515,Muffin,Treeby
516,Talbert,Noke
517,Emmalee,Stegell
518,Merissa,Drewe
519,Deloris,Muff
520,Gerrilee,Duchesne
521,Hendrika,Aleksidze
522,Jedediah,Skyner
523,Freddy,Giffen
524,Neel,Mogford
525,Ellynn,Kleinhaut
526,Anet,Ellum
527,Codi,McCaster
528,Gustav,Walkey
529,Marjie,Simoni
530,Julianna,Citrine
531,Devinne,Deverick
532,Velma,Aggiss
533,Cloris,Houseman
534,Luise,Jakeman
535,Una,Creasey
536,Bran,Ducker
537,Torin,McKeran
538,Brier,Ubach
539,Hunfredo,Cadreman
540,Babita,Tabbernor
541,Teressa,Pannett
542,Homer,Axtens
543,Arel,Halliwell
544,Cari,Flucks
545,Waverly,Kleinpeltz
546,Dev,McGrory
547,Thornton,Jouanot
548,Ray,Pullen
549,Sunny,Mitskevich
550,Tony,Martensen
551,Jimmie,Kippen
552,Caro,Upwood
553,Audry,Storrier
554,Clem,Jeremaes
555,Lydia,Caddell
556,Lissa,Wimpress
557,Irvine,Hubane
558,Florie,Calwell
559,Nehemiah,Cully
560,Adaline,Rounds
561,Gelya,Crimp
562,Shannah,Dray
563,Ailbert,Huegett
564,Artus,Bunton
565,Francklyn,Kimbrey
566,Elihu,Ackhurst
567,Claiborn,Simoni
568,Abbe,Dran
569,Germaine,Tankin
570,Daron,Purse
571,Kathye,Perch
572,Legra,McKue
573,Cheri,Robshaw
574,Evanne,Coppeard
575,Arel,Auckland
576,Cinderella,Kliment
577,Carlee,Sayton
578,Stillmann,Chark
579,Craig,Billett
580,Olly,Vost
581,Knox,Leggett
582,Mariele,Fillingham
583,Kinnie,Gilvary
584,Maje,Hains
585,Dyanna,Ballentime
586,Glendon,Linham
587,Paulette,Pow
588,Peria,Emanson
589,Rahal,Ackery
590,Tucker,Cardenas
591,Neel,Rathjen
592,Harland,Annett
593,Richmound,Ebbers
594,Jyoti,Matej
595,Sallyanne,Pearlman
596,Ardra,Alchin
597,Mable,Landal
598,Morrie,Mityashev
599,Krystal,Burvill
600,Berny,Brummell
601,Stanislas,Tickner
602,Marget,Hefferon
603,Pepi,Worssam
604,Aura,Andriesse
605,Isador,Wooton
606,Charisse,Winslade
607,Correy,Deshorts
608,Viole,Giblin
609,Reese,Mulcock
610,Dall,Rayne
611,Sergeant,Daws
612,Felipe,Sennett
613,Ray,Cookson
614,Hasheem,Wheelwright
615,Lucilia,Sones
616,Caro,Culshew
617,Wenda,Rosenvasser
618,Gordy,Attewill
619,Alan,Grout
620,Ernaline,Boggon
621,Berna,Broxap
622,Lynette,Duetsche
623,Harcourt,Wilshere
624,Rahel,Hackin
625,Maxim,Jime
626,Anet,Repp
627,Olimpia,Halden
628,Lanni,Cason
629,Boot,Glassman
630,Dani,Couves
631,Torry,Gutridge
632,Bev,Hatchett
633,Dulciana,Thomton
634,Amalie,O'Connor
635,Chelsey,Rounding
636,Fair,Sleney
637,Isiahi,Tissier
638,Karel,Ryle
639,Neville,Keeling
640,Cyndi,Walliker
641,Finlay,Anthony
642,Joete,Nevill
643,Mikol,Foster-Smith
644,Chiquita,Vannar
645,Harriot,Jagiela
646,Ferris,Thistleton
647,Sean,Sworne
648,Dallas,Huntress
649,Bibbie,Hugonnet
650,Bastian,Sapsed
651,Pavia,Jean
652,Manda,Waeland
653,Tessy,La Wille
654,Rozelle,De Benedetti
655,Carolyn,Yakubowicz
656,Langston,Mosconi
657,Virginie,Tregidgo
658,Arabele,Rieger
659,Paton,Shobbrook
660,Roana,Bellie
661,Trisha,Danit
662,Randie,Doerrling
663,Gertrudis,Peschmann
664,Clarine,Link
665,Constancia,Grinnikov
666,Libbey,Cariss
667,Adel,Peet
668,Joceline,Chazelas
669,Casie,Roll
670,Koral,Oldfield-Cherry
671,Darsie,Stollard
672,Anstice,Costin
673,Karolina,Wernham
674,Clerc,MacGibbon
675,Dino,Altamirano
676,Rock,Gowdy
677,Dotty,Jonke
678,Alistair,Conrard
679,Jarrad,Mounch
680,Gerardo,Garrad
681,Yance,Durnan
682,Micah,Hayworth
683,Veronica,Moseby
684,Crista,Blazevic
685,Fanya,Oda
686,Raviv,Hales
687,Libbi,Joscelyn
688,Giovanni,O'Geaney
689,Emalia,Mullins
690,Jessika,Stooders
691,Demetris,Igounet
692,Toddy,Dilliston
693,Hillyer,Greystoke
694,Cchaddie,Cogswell
695,Charlton,Kennedy
696,Catharine,Diack
697,Hildagarde,O'Grogane
698,Yorke,Frears
699,Tami,Capewell
700,Evvie,Farr
701,Milly,Forten
702,Timotheus,Stambridge
703,Trev,Saby
704,Gerianne,Kneeland
705,Vina,Dinsale
706,Doll,Bellamy
707,Noam,Lindroos
708,Shelagh,Uglow
709,Siegfried,Simao
710,Kacie,Kinchlea
711,Isabelle,Kermit
712,Kylie,Laxtonne
713,Xylia,Kenewel
714,Donny,Carrick
715,Jasun,Beddard
716,Ashleigh,Manketell
717,Roxana,Lovekin
718,Bernetta,Reolfo
719,Arda,Rayworth
720,Iago,Tucker
721,Nilson,Rubert
722,Charleen,Worviell
723,Benjamin,Pendered
724,Aurelia,Hassur
725,Jaquelyn,Curwen
726,Leoline,Grafom
727,Wynne,Chessman
728,Bronnie,Degoix
729,Jaime,Duns
730,Brittani,Densun
731,Dorri,Getty
732,Dalila,Rickets
733,Pauly,Spaducci
734,Marga,Giffin
735,Lonna,Creak
736,Esta,Bonicelli
737,Neysa,Abisetti
738,Issi,Delete
739,Sayre,Moralas
740,Care,Bartlett
741,Leandra,Woodrup
742,Natty,Gebby
743,Erna,Watkins
744,Bear,Marcone
745,Rikki,Darkins
746,Jackie,Allingham
747,Robenia,Duce
748,Marguerite,Skpsey
749,Morgana,Wellings
750,Wallis,Bastide
751,Say,Farrans
752,Tracee,Lassey
753,Wald,Drinkall
754,Dominga,Lindeboom
755,Kalvin,Crampsy
756,Rosalyn,Culwen
757,Pinchas,Oxe
758,Sandro,Darey
759,Coletta,Roch
760,Huntlee,Ruseworth
761,Jarad,Reaney
762,Bobinette,Haldenby
763,Meggie,Houchen
764,Cordy,Hulse
765,Cornelius,Rochelle
766,Andromache,Janak
767,Melody,Reide
768,Sid,Ferroni
769,Nicky,Mulhill
770,Leanor,Conahy
771,Nataline,Tempest
772,Shannen,Gilchrist
773,Esmeralda,Tinman
774,Hinda,Aylin
775,Edouard,Barbery
776,Spense,Nathon
777,Harris,Casham
778,Kerwinn,Emlyn
779,Anselm,Champion
780,Ricki,Whales
781,Maris,Queste
782,Pattin,Chinge de Hals
783,Angel,Espinos
784,Juliann,Beech
785,Rania,Haugen
786,Cosetta,Cudby
787,Allina,Isenor
788,Sonny,Pashe
789,Bridie,Rhodef
790,Lyssa,Gorelli
791,Haley,Kerrey
792,Natka,De Avenell
793,Sarah,Devon
794,Lucas,Dickons
795,Zebulon,Rizzotto
796,Rhys,Stride
797,Rancell,Cominoli
798,Rebekah,Seviour
799,Jessalin,Athy
800,Forster,Brandassi
801,Swen,Izatt
802,Silvano,Danet
803,Gilligan,Klauer
804,Tuckie,Pevreal
805,Norma,Duffil
806,Fonz,Taylorson
807,Hunter,Behrendsen
808,Mozelle,Duffit
809,Alli,Hache
810,Costanza,Meachem
811,Gherardo,McIlory
812,Imogene,Ramplee
813,Marie-ann,Kubicek
814,Lemmie,Southern
815,Kimmi,Verick
816,Amy,Dungey
817,Kelci,Winscomb
818,Magdalena,MacCaghan
819,Friedrich,Coates
820,Thatcher,California
821,Cherilynn,Lamprey
822,Wald,Tulip
823,Mariquilla,Phipps
824,Flem,Dondon
825,Beret,Gorghetto
826,Hadrian,Greatbatch
827,Cyndia,Moraleda
828,Shaun,Bemlott
829,Sarena,Tuvey
830,Riobard,Figgs
831,Lynnett,Sturdgess
832,Ilaire,Iban
833,Sascha,Bauld
834,Sandye,Duckering
835,Ambrose,Ecclestone
836,Otha,Stapleford
837,Olva,Louiset
838,Aridatha,Abrahamsson
839,Dory,Calcott
840,Vanya,Broseke
841,Garald,Prowting
842,Sissy,Kornilyev
843,Teddy,Dufoure
844,Austen,Broom
845,Kelsi,Mold
846,Shepperd,Ashborne
847,Skippy,Eilhertsen
848,Karol,Horley
849,Kincaid,Aggas
850,Gustie,Mildenhall
851,Josefina,Figgins
852,Kacie,Whitehorne
853,Roby,Gresham
854,Den,Blaver
855,Gael,Roberti
856,Marylynne,Jean
857,Hettie,Bearham
858,Angelico,Petr
859,Cynthia,Whiting
860,Glori,Smithson
861,Rosalie,Caldayrou
862,Richy,Kynnd
863,Waldon,Dytham
864,Aeriela,Baudry
865,Dyanne,Lennie
866,Shandeigh,Batsford
867,Juan,Netley
868,Peggie,Eaglestone
869,Ginger,Verson
870,Henrik,Heyworth
871,Carson,Leftley
872,Doretta,Varrow
873,Ignacius,Ormerod
874,Midge,Bramhall
875,Emily,Laidler
876,Clayborne,Boss
877,Eugine,Tipple
878,Far,Charlotte
879,Carley,Cunradi
880,Odie,Muggach
881,Camile,Garnam
882,Roderich,Lumber
883,Tomasina,Lascelles
884,El,Haselden
885,Esmaria,Bolzen
886,Mona,Budibent
887,Ernst,Cox
888,Sherilyn,Marcam
889,Claudine,Byk
890,Harwilll,Bagg
891,Sallie,Paintain
892,Lanny,Ferrers
893,Butch,Handrock
894,Leila,Birnie
895,Guy,Gianolo
896,Melisa,Cluley
897,Dione,Cashen
898,Kimmy,Wandless
899,Charmine,Wagge
900,Llewellyn,Spensley
901,Griff,Sunter
902,Gwendolen,Klimus
903,Arman,Duchesne
904,Sonny,Dorrance
905,Elita,Snelgar
906,Kelsi,Corkhill
907,Matty,Bradberry
908,Rebekah,Pedri
909,Garwood,Grishin
910,Sibby,Noot
911,Carlie,Scrane
912,Jordain,Ham
913,Rubetta,Wand
914,Raimondo,Creer
915,Abigael,Boother
916,Branden,Manzell
917,Karena,Tuffs
918,Andrus,Lapree
919,Ralph,Van Velden
920,Dayle,Catterill
921,Glenine,Rippon
922,Edythe,Marquiss
923,Sheelah,Woolrich
924,Artemus,Labon
925,Kaine,Wheldon
926,Dmitri,Elden
927,Chanda,Dawkins
928,Winifred,Peedell
929,Kean,Bather
930,Abey,Daffern
931,Baldwin,Esser
932,Rochella,Ewing
933,Kary,Kinsella
934,Ari,Errey
935,Martie,Casaccio
936,Townsend,Farragher
937,Arlee,Fadden
938,Liana,Thatcher
939,Merci,Toop
940,Killian,Orpen
941,Corinna,Lydiatt
942,Ranice,Potkin
943,Jesse,Shovlin
944,Katherina,Leitche
945,Pru,Drummond
946,Bronnie,Pinchback
947,Miller,Capstick
948,Wilbur,Gert
949,Hedwiga,Assiratti
950,Sapphire,Feckey
951,Johnna,Iaduccelli
952,Jasmina,Kluger
953,Dennison,Batie
954,Denyse,Cansdale
955,Shirlene,Geeritz
956,Averell,Le Grove
957,Emalee,Lightwing
958,Gay,Skingley
959,Brand,Haverty
960,Dari,Velten
961,Maxie,Vedishchev
962,Karita,Brando
963,Mozelle,Speir
964,Berkly,Wandrach
965,Mae,Joincey
966,Gwendolin,Reffe
967,Sharon,Lawday
968,Rosanne,Vigar
969,Marylynne,O'Gormley
970,Renaud,Kayser
971,Carlina,Bentick
972,Cyrillus,Doerling
973,Dolf,Gorry
974,Hernando,Church
975,Petunia,Leibold
976,Nessie,Dwelling
977,Daune,VanBrugh
978,Kerwinn,Wonham
979,Xavier,Emberton
980,Anthia,Saffran
981,Rolf,Seif
982,Lucius,Dongall
983,Stephine,Hunting
984,Gregory,Toogood
985,Jacquette,Masterman
986,Zak,Hackworthy
987,Addie,Botger
988,Nikolaus,Divisek
989,Rory,Scrowson
990,Dyana,Damrel
991,Garreth,Peattie
992,Joachim,Readie
993,Ferris,Rewan
994,Winfred,Loomis
995,Tess,Houlaghan
996,Ewen,Crosio
997,Louisette,Tabor
998,Kelsey,Picot
999,Charlena,Forsard
1000,Mercy,MacDuffie
